<?xml version="1.0" encoding="utf-8"?>
<resources>
    <string name="label_airplane_mode">Máy bay</string>
    <string name="label_silent_mode">Im lặng</string>
    <string name="label_reboot">Khởi động lại</string>
    <string name="label_shutdown">Tắt nguồn</string>
    <string name="label_alert_reboot">Nhấn để khởi động lại</string>
    <string name="label_alert_recovery">Recovery</string>
    <string name="label_alert_fastboot">Fastboot</string>
    <string name="label_alert_shutdown">Nhấn để tắt nguồn</string>
    <string name="label_blank">Quay lại</string>
</resources>
