<?xml version="1.0" encoding="UTF-8"?>
<permissions>
<privapp-permissions package="com.miui.phrase">
<permission name="android.permission.INTERNET"/>
<permission name="android.permission.READ_SYNC_SETTINGS"/>
<permission name="com.xiaomi.permission.READ_WRITE_MICLOUD_SETTINGS"/>
<permission name="android.permission.WRITE_SYNC_SETTINGS"/>
<permission name="android.permission.WRITE_SETTINGS"/>
<permission name="android.permission.WRITE_SECURE_SETTINGS"/>
<permission name="android.permission.READ_SECURE_SETTINGS"/>
<permission name="com.xiaomi.permission.SYNC_TAG_DATA"/>
<permission name="android.permission.READ_SYNC_STATS"/>
<permission name="com.xiaomi.permission.CLOUD_MANAGER"/>
<permission name="android.permission.INTERNAL_SYSTEM_WINDOW"/>
<permission name="android.permission.VIBRATE"/>
<permission name="android.permission.SYSTEM_ALERT_WINDOW"/>
<permission name="com.miui.securitycenter.permission.SYSTEM_PERMISSION_DECLARE"/>
</privapp-permissions>
</permissions>
