<?xml version="1.0" encoding="utf-8"?>
<resources>
    <string name="date_time">EEEE, d MMMM</string>
    <string name="date_time_12">EEEE, d MMMM</string>
    <string name="desc_date_format">EEEE, d MMMM</string>
    <string name="desc_date_format_12">EEEE, d MMMM</string>
    <string name="desc_time">'current time' + #hour12+' '+ifelse(#minute,#minute,'oclock')+', double tap to enter clock app'</string>
	<string name="weather_type_null">'Không có dữ liệu'</string>
    <string name="weather_type_0">Thông thoáng</string>
    <string name="weather_type_1">Nhiều mây</string>
    <string name="weather_type_2">U ám</string>
    <string name="weather_type_3">Sương mù</string>
    <string name="weather_type_4">Mưa bão lớn</string>
    <string name="weather_type_5">Mưa rào</string>
    <string name="weather_type_6">Mưa bão</string>
    <string name="weather_type_7">Dông</string>
    <string name="weather_type_8">Mưa</string>
    <string name="weather_type_9">Mưa nặng hạt</string>
    <string name="weather_type_10">Mưa vừa</string>
    <string name="weather_type_11">Mưa nhỏ</string>
    <string name="weather_type_12">Mưa tuyết</string>
    <string name="weather_type_13">Bão tuyết</string>
    <string name="weather_type_14">Tuyết</string>
    <string name="weather_type_15">Tuyết rơi dày đặc</string>
    <string name="weather_type_16">Tuyết vừa phải</string>
    <string name="weather_type_17">Tuyết nhẹ</string>
    <string name="weather_type_18">Bão cát lớn</string>
    <string name="weather_type_19">Bão cát</string>
    <string name="weather_type_20">Cát</string>
    <string name="weather_type_21">Bão bụi</string>
    <string name="weather_type_22">Mưa đá</string>
    <string name="weather_type_23">Bụi</string>
    <string name="weather_type_24">Sương mù</string>
    <string name="weather_type_25">Mưa lạnh</string>
</resources>
