<?xml version="1.0" encoding="utf-8"?>
<resources>
    <!-- General -->
    <string name="app_needs_update">Ứng dụng cần được cập nhật</string>
    <string name="app_not_installed">Ứng dụng cần được cài đặt</string>
    <string name="search_filter_category_all">Tất cả danh mục</string>
    <string name="search_filter_color_all">Đủ màu sắc</string>
    <string name="search_filter_size_all">Tất cả kích cỡ</string>
    <string name="widget_apps">Ứng dụng có hỗ trợ tiện ích</string>
    <string name="widget_num_limit">Không thể thêm nhiều tiện ích vào App vault. Xóa các tiện ích cũ hơn để thêm tiện ích mới.</string>
    <string name="widget_num_warn">Thêm thành công. Hãy nhớ rằng việc đặt quá nhiều tiện ích trên Màn hình chính có thể làm chậm thiết bị của bạn.</string>
    <!-- Categories -->
    <string name="theme_clock">Đồng hồ</string>
    <!-- App names -->
    <string name="app_appvault">App vault</string>
    <string name="app_browser">Trình duyệt</string>
    <string name="app_calculator">Máy tính</string>
    <string name="app_calendar">Lịch</string>
    <string name="app_camera">Máy ảnh</string>
    <string name="app_clock">Đồng hồ</string>
    <string name="app_gallery">Thư viện</string>
	<string name="app_files">Tập tin</string>
    <string name="app_google">Google</string>
    <string name="app_health">Sức khoẻ</string>
    <string name="app_midrop">Chia sẻ</string>
    <string name="app_mifitness">Mi Fitness</string>
    <string name="app_mihome">Mi Home</string>
    <string name="app_mipay">Ví</string>
    <string name="app_notes">Ghi chú</string>
    <string name="app_recorder">Ghi âm</string>
    <string name="app_scanner">Máy quét</string>
    <string name="app_security">Bảo mật</string>
    <string name="app_settings">Cài đặt</string>
    <string name="app_weather">Thời tiết</string>
    <string name="app_whatsapp">WhatsApp</string>
    <!-- Shortcut groups -->
    <string name="shortcuts_external">Phím tắt bên ngoài</string>
    <string name="shortcuts_system">Phím tắt hệ thống</string>
    <!-- Shortcut names -->
    <string name="auto_optimize">Tối ưu hóa</string>
    <string name="battery_history">Pin</string>
    <string name="calculator_convert">Chuyển đổi</string>
    <string name="calculator_scientific">Khoa học</string>
    <string name="calendar_new">Thêm sự kiện</string>
    <string name="cleaner_deep">Dọn sâu</string>
    <string name="cleaner_garbage">Dọn sạch</string>
    <string name="cleaner_memory">Dọn dẹp bộ nhớ</string>
    <string name="clock_alarm">Thêm báo thức</string>
    <string name="google_assistant">Trợ lý</string>
    <string name="midrop_send">Gửi</string>
    <string name="notes_new">Thêm ghi chú</string>
    <string name="recorder_new">Ghi âm mới</string>
    <string name="scanner_document">Tài liệu</string>
    <string name="scanner_qrcode">Mã QR</string>
    <string name="whatsapp_photos">Ảnh</string>
    <!-- Widgets -->
    <string name="widget_appvault_shortcuts">Phím</string>
    <string name="widget_appvault_shortcuts_desc">Bắt đầu nhanh các ứng dụng và chức năng thường dùng</string>
    <string name="widget_appvault_smart_shortcuts">Đề xuất ứng dụng</string>
    <string name="widget_appvault_smart_shortcuts_desc">Bắt đầu nhanh các ứng dụng và chức năng thường dùng</string>
    <string name="widget_browser_search">Tìm kiếm</string>
    <string name="widget_browser_search_desc">Tìm kiếm trên web bằng một lần nhấn</string>
    <string name="widget_browser_shortcuts">Phím tắt</string>
    <string name="widget_browser_shortcuts_desc">Các tính năng cốt lõi trong tầm tay của bạn</string>
    <string name="widget_calculator_basic">Cơ bản</string>
    <string name="widget_calculator_basic_desc">Cộng, trừ, nhân, chia thông thường</string>
    <string name="widget_calculator_currency">Tiền tệ</string>
    <string name="widget_calculator_currency_desc">Chuyển đổi tiền tệ đa quốc gia</string>
    <string name="widget_calendar_agenda">Sự kiện sắp tới</string>
    <string name="widget_calendar_agenda_desc">Xem thông tin sự kiện sắp tới</string>
    <string name="widget_calendar_agenda_special">Sự kiện đặc biệt</string>
    <string name="widget_calendar_agenda_special_desc">Xem ngày sinh nhật, đếm ngược và ngày kỷ niệm</string>
    <string name="widget_calendar_countdown">Đếm ngược</string>
    <string name="widget_calendar_countdown_desc">Xem thông tin đếm ngược</string>
    <string name="widget_calendar_date">Ngày tháng</string>
    <string name="widget_calendar_date_desc">Xem thông tin ngày hôm nay</string>
    <string name="widget_camera_filter">Bộ lọc Leica</string>
    <string name="widget_camera_filter_desc">Bốn bộ kính lọc Leica</string>
    <string name="widget_camera_lens">Ống kính chuyên nghiệp</string>
    <string name="widget_camera_lens_desc">Thử nghiệm với độ dài tiêu cự</string>
	<string name="widget_files_pin">Tệp thường xuyên</string>
    <string name="widget_files_pin_desc">Ghim các tệp được xem thường xuyên để truy cập nhanh</string>
    <string name="widget_clock_dual">Đồng hồ kép</string>
    <string name="widget_clock_dual_desc">Thời gian ở các vị trí hiện tại và đã chọn của bạn</string>
    <string name="widget_clock_local">Hiện tại</string>
    <string name="widget_clock_local_desc">Thời gian ở vị trí hiện tại của bạn</string>
    <string name="widget_clock_simple">Đơn giản</string>
    <string name="widget_clock_simple_desc">Thời gian và ngày ở vị trí hiện tại của bạn</string>
    <string name="widget_clock_weather">Thời tiết</string>
    <string name="widget_clock_weather_desc">Thời gian, ngày tháng và thời tiết ở vị trí hiện tại của bạn</string>
    <string name="widget_clock_world">Đồng hồ thế giới</string>
    <string name="widget_clock_world_desc">Thời gian ở một địa điểm khác</string>
    <string name="widget_gallery_custom">Hình ảnh được chọn</string>
    <string name="widget_gallery_custom_desc">Thêm tiện ích rồi nhấn vào tiện ích đó để chọn ảnh</string>
    <string name="widget_gallery_recommend">Kỷ niệm</string>
    <string name="widget_gallery_recommend_desc">Xem lại những khoảnh khắc tươi sáng nhất của bạn</string>
    <string name="widget_health_sleep">Ngủ</string>
    <string name="widget_health_sleep_desc">Xem dữ liệu giấc ngủ của bạn</string>
    <string name="widget_health_stats">Số liệu thống kê</string>
    <string name="widget_health_stats_desc">Xem thống kê hoạt động của bạn</string>
    <string name="widget_health_steps">Bước</string>
    <string name="widget_health_steps_desc">Xem số bước và tiến trình của bạn</string>
    <string name="widget_mipay_wallet">Trợ lý dịch vụ</string>
    <string name="widget_mipay_wallet_desc">Xem nhanh thông tin tài chính, tín dụng, bảo hiểm và nhắc nhở việc cần làm quan trọng</string>
    <string name="widget_notes_quick">Phím tắt</string>
    <string name="widget_notes_quick_desc">Nhanh chóng tạo và truy cập các ghi chú và nhiệm vụ</string>
    <string name="widget_notes_quick_note">Tạo ghi chú</string>
    <string name="widget_notes_quick_note_desc">Nhanh chóng tạo và truy cập ghi chú</string>
    <string name="widget_notes_quick_task">Tạo nhiệm vụ</string>
    <string name="widget_notes_quick_task_desc">Nhanh chóng tạo và truy cập các nhiệm vụ</string>
    <string name="widget_notes_tasks">Nhiệm vụ</string>
    <string name="widget_notes_tasks_desc">Xem và mở nhiệm vụ của bạn</string>
    <string name="widget_notes_view">Ghi chú</string>
    <string name="widget_notes_view_desc">Xem và mở ghi chú của bạn</string>
    <string name="widget_security_app_behavior">Riêng tư</string>
    <string name="widget_security_app_behavior_desc">Xem thống kê hành vi ứng dụng</string>
    <string name="widget_security_app_predict">Đề xuất ứng dụng</string>
    <string name="widget_security_app_predict_desc">Khởi động nhanh các ứng dụng sử dụng đề xuất AI</string>
    <string name="widget_security_battery">Pin</string>
    <string name="widget_security_battery_desc">Xem tình trạng pin</string>
    <string name="widget_security_cleaner">Dọn dẹp</string>
    <string name="widget_security_cleaner_desc">Tối ưu hóa thiết bị của bạn và tăng hiệu suất</string>
    <string name="widget_security_cleaner_garbage">Dọn dẹp</string>
    <string name="widget_security_cleaner_garbage_desc">Dọn rác trên thiết bị của bạn</string>
    <string name="widget_security_cleaner_memory">Tăng tốc độ</string>
    <string name="widget_security_cleaner_memory_desc">Xóa bộ nhớ để tăng tốc độ</string>
    <string name="widget_security_optimize">Bảo mật</string>
    <string name="widget_security_optimize_desc">Xem thông tin bảo mật và tối ưu hóa thiết bị của bạn</string>
    <string name="widget_settings_usage_stats">Thời gian sử dụng màn hình</string>
    <string name="widget_settings_usage_stats_desc">Xem số liệu thống kê sử dụng ứng dụng</string>
    <string name="widget_smarthome_batch">Một bấm để điều khiển</string>
    <string name="widget_smarthome_batch_desc">Điều khiển nhanh nhiều thiết bị thông minh</string>
    <string name="widget_smarthome_control">Phím tắt thiết bị</string>
    <string name="widget_smarthome_control_desc">Xem và vận hành các thiết bị thông minh trong nhà của bạn</string>
    <string name="widget_smarthome_environment">Thông tin môi trường</string>
    <string name="widget_smarthome_environment_desc">Xem nhiệt độ, độ ẩm và chất lượng không khí trong nhà của bạn</string>
    <string name="widget_weather_aqi">Chất lượng không khí</string>
    <string name="widget_weather_aqi_desc">Xem AQI ở các vị trí bạn chọn</string>
    <string name="widget_weather_forecast">Dự báo</string>
    <string name="widget_weather_forecast_desc">Xem dự báo thời tiết</string>
    <string name="widget_weather_forecast_detail">Dự báo</string>
    <string name="widget_weather_forecast_detail_desc">Xem dự báo thời tiết chi tiết</string>
    <string name="widget_weather_realtime">Thời tiết</string>
    <string name="widget_weather_realtime_desc">Xem thông tin thời tiết hiện tại</string>
    <string name="widget_weather_today">Thời tiết</string>
    <string name="widget_weather_today_desc">Xem thông tin thời tiết chi tiết</string>
	<string name="theme_pals">Bạn bè</string>
	<string name="widget_pals_cat">Mèo</string>
    <string name="widget_pals_cat_desc">Meow ~ đừng làm phiền tôi khi tôi ngủ…</string>
    <string name="widget_pals_dog">Chó</string>
    <string name="widget_pals_dog_desc">Woof ~ chơi cùng tôi!</string>
</resources>
